job_id	title	company	employer_website	job_publisher	job_employment_type	job_employment_types	job_url	job_apply_is_direct	apply_options	description	job_is_remote	job_posted_at	job_posted_at_timestamp	date_posted	job_location	location	job_state	job_country	job_latitude	job_longitude	job_google_link	job_highlights	job_onet_soc	job_onet_job_zone	source	job_posted_human_readable
iKz1Jtsplp84rlKuAAAAAA==	Full Stack Website Developer and App Developer (Android & IOS)	SkilHive		WhatJobs	Full–time	['FULLTIME']	https://en-in.whatjobs.com/gfj/124025203?utm_campaign=google_jobs_apply&utm_source=google_jobs_apply&utm_medium=organic	False	[{'publisher': 'WhatJobs', 'apply_link': 'https://en-in.whatjobs.com/gfj/124025203?utm_campaign=google_jobs_apply&utm_source=google_jobs_apply&utm_medium=organic', 'is_direct': False}]	"Job Title: Fullstack Website & App Developer (Android & IOS)

Job Summary
We are seeking ""skilled freelancers"" to join our team, responsible for designing and developing mobile applications and websites for android and IOS.

Responsibilities
1. Design and Development: Design and develop websites & mobile applications.
2. Coding: Write clean, efficient, and well-documented code in programming languages.
3. Collaboration: Work closely with cross-functional teams to ensure smooth project delivery.

Requirements
1. Education: Bachelor's degree in Computer Science, Information Technology, or related field.
2. Experience: 2+ years of experience in mobile app development and web development or a portfolio of 2+ working on projects.
3. Communication Skills: Excellent communication and teamwork skills.

What We Offer
1. Collaborative Work Environment: A collaborative and dynamic work environment.
2. Flexible Working Hours: Flexible working hours and remote work options.

If you're a motivated and talented App or Website Developer looking for a new challenge, please submit your resume on the given Google forms below"	False	14 hours ago	1746054000	2025-05-01 13:52:14.420349+00:00	Odisha		Odisha	IN	20.2375561	84.2700179	https://www.google.com/search?q=jobs&gl=in&hl=en&udm=8#vhid=vt%3D20/docid%3DiKz1Jtsplp84rlKuAAAAAA%3D%3D&vssid=jobs-detail-viewer	{}	15113400	3	jsearch	Unknown date
Swr3uDdvyfQohUq9AAAAAA==	Full Stack Developer - ERM Software	Livoso Technologies	https://livoso.co	Adzuna	Full–time	['FULLTIME']	https://www.adzuna.in/details/5171441971?utm_campaign=google_jobs_apply&utm_source=google_jobs_apply&utm_medium=organic	False	[{'publisher': 'Adzuna', 'apply_link': 'https://www.adzuna.in/details/5171441971?utm_campaign=google_jobs_apply&utm_source=google_jobs_apply&utm_medium=organic', 'is_direct': False}]	"Livoso Technologies, a global IT consulting and custom software development firm with offices in Bhubaneswar, Bangalore, Pune, Hyderabad, Dubai, Singapore, and the UK, specializes in delivering secure, scalable, and efficient software solutions across various industries, including healthcare, finance, real estate, education, and logistics.

While Livoso Technologies does not currently have a publicly listed job opening for a Full Stack Developer with experience in Enterprise Resource Management (ERM) software, based on their service offerings and industry focus, a role with such requirements would likely encompass the following responsibilities and qualifications :

Job Description : Full Stack Developer (ERM Software : Bhubaneswar, Odisha (with potential opportunities in Bangalore, Pune, Hyderabad, Dubai, Singapore, or the Type : Level : Mid to Senior (4+ years)

Key Responsibilities :

- Design, develop, and maintain full-stack web applications, particularly those related to ERM systems.

- Collaborate with cross-functional teams to gather and analyze business requirements, translating them into technical specifications.

- Implement responsive UI/UX designs using front-end technologies such as HTML, CSS, JavaScript, and frameworks like React, Angular, or Vue.js.

- Develop robust back-end services and APIs using Node.js, Java, or C#, ensuring seamless integration with front-end components.

- Manage and optimize databases (e.g., MySQL, PostgreSQL, MongoDB) to ensure data integrity and performance.

- Deploy applications on cloud platforms (AWS, Azure, Google Cloud) and manage server environments, including NGINX on Ubuntu servers.

- Ensure code quality through unit testing, code reviews, and adherence to best practices.

- Stay updated with emerging technologies and industry trends to continuously improve application performance and Skills & Qualifications :

- Bachelors or Masters degree in Computer Science, Information Technology, or a related field.

- Proven experience (3+ years) in full-stack web development, with a strong portfolio of ERM or similar enterprise applications.

- Proficiency in front-end technologies : HTML, CSS, JavaScript, and frameworks like React, Angular, or Vue.js.

- Strong back-end development skills using Node.js, Java, or C#, with experience in building RESTful APIs.

- Experience with relational and non-relational databases, including MySQL, PostgreSQL, and MongoDB.

- Familiarity with cloud services (AWS, Azure, Google Cloud) and containerization tools like Docker.

- Knowledge of version control systems, particularly Git, and CI/CD pipelines.

- Excellent problem-solving skills and the ability to work independently or as part of a Qualifications :

- Experience with ERM software development or customization.

- Familiarity with microservices architecture and serverless computing.

- Understanding of DevOps practices and tools.

- Strong communication skills to effectively interact with clients and stakeholders.

If you're interested in exploring opportunities with Livoso Technologies, you can reach out to them directly.

(ref:hirist.tech)"	False	19 hours ago	1746036000	2025-05-01 13:52:14.420612+00:00	Bhubaneswar, Odisha	Bhubaneswar	Odisha	IN	20.295984699999998	85.8246101	https://www.google.com/search?q=jobs&gl=in&hl=en&udm=8#vhid=vt%3D20/docid%3DSwr3uDdvyfQohUq9AAAAAA%3D%3D&vssid=jobs-detail-viewer	{}	15113300	4	jsearch	Unknown date
le7p3_g65DaZ7652AAAAAA==	Full Stack Software Engineer	InterSources Inc	https://www.intersourcesinc.com	Iitjobs	Full–time	['FULLTIME']	https://www.iitjobs.com/job/full-stack-software-engineer-bhubaneswar-odisha-india-intersources-inc-81846?utm_campaign=google_jobs_apply&utm_source=google_jobs_apply&utm_medium=organic	False	[{'publisher': 'Iitjobs', 'apply_link': 'https://www.iitjobs.com/job/full-stack-software-engineer-bhubaneswar-odisha-india-intersources-inc-81846?utm_campaign=google_jobs_apply&utm_source=google_jobs_apply&utm_medium=organic', 'is_direct': False}, {'publisher': 'Jobg8', 'apply_link': 'https://jobs.jobg8.com/jobs/full-stack-software-engineer-in-bhubaneswar-orissa-india/5673-293576934804?utm_campaign=google_jobs_apply&utm_source=google_jobs_apply&utm_medium=organic', 'is_direct': False}, {'publisher': 'Recruit.net', 'apply_link': 'https://www.recruit.net/job/full-stack-software-engineer-jobs/E413D36B70A945E3?utm_campaign=google_jobs_apply&utm_source=google_jobs_apply&utm_medium=organic', 'is_direct': False}, {'publisher': 'Expertini', 'apply_link': 'https://in.expertini.com/jobs/job/full-stack-software-engineer-bhubaneswar-partment-1963-28425217/?utm_campaign=google_jobs_apply&utm_source=google_jobs_apply&utm_medium=organic', 'is_direct': False}, {'publisher': 'Jobs Trabajo.org', 'apply_link': 'https://in.trabajo.org/job-3150-8f72809e7a21bca474197e2a31e9585b?utm_campaign=google_jobs_apply&utm_source=google_jobs_apply&utm_medium=organic', 'is_direct': False}, {'publisher': 'WhatJobs', 'apply_link': 'https://en-in.whatjobs.com/gfj/116262903?utm_campaign=google_jobs_apply&utm_source=google_jobs_apply&utm_medium=organic', 'is_direct': False}]	Responsibilities:• Design scalable, resilient, and cost-effective UI and Back-end solutions• Execute Unit Development, Unit Testing, and Integration activities for UI and Back-end functions supporting DSG's Data Privacy and Synthetic Fraud products.• Develop comprehensive design blueprints and documentation, including system diagrams, technical specifications, and implementation plans.• Partner with Sales, Marketing and Product teams on understanding customer requirements and supporting them throughout the sales lifecycle.• Work closely with the Customer Implementation and Support Manager on implementing Data Safeguard products within the customer environment.Qualifications:• Bachelor's degree/Masters/MS in Computer Science, Information Technology, or a related field.• 8+ years of experience developing and testing software applications.• 5+ years of experience using UI based technologies such as JavaScript, React and/or Next JS• 5+ years of experience with scripting languages such as Python, GO, Ruby, PERL• 5+ years of experience with Continuous Integration/Continuous Deployment (CI/CD)• 5+ years of experience using Agile methodology.• 3+ years of experience implementing products at customer sites.• Excellent written and oral communication.• Hands-on experience developing custom file viewers.• Experience with web development frameworks, databases, and version control systems.• Hands-on experience with integrating the front end with the back end using REST API's	False	9 hours ago	1746072000	2025-05-01 13:52:14.420829+00:00	Bhubaneswar, Odisha	Bhubaneswar	Odisha	IN	20.295984699999998	85.8246101	https://www.google.com/search?q=jobs&gl=in&hl=en&udm=8#vhid=vt%3D20/docid%3Dle7p3_g65DaZ7652AAAAAA%3D%3D&vssid=jobs-detail-viewer	{}	15113300	4	jsearch	Unknown date
txgbDtDUeYHj031QAAAAAA==	Web/Hybrid Software Intern	SKILLQUEST LEARNINGS		WhatJobs	Internship	['INTERN']	https://en-in.whatjobs.com/gfj/122207403?utm_campaign=google_jobs_apply&utm_source=google_jobs_apply&utm_medium=organic	False	[{'publisher': 'WhatJobs', 'apply_link': 'https://en-in.whatjobs.com/gfj/122207403?utm_campaign=google_jobs_apply&utm_source=google_jobs_apply&utm_medium=organic', 'is_direct': False}, {'publisher': 'Jobrapido.com', 'apply_link': 'https://in.jobrapido.com/jobpreview/2204780251190394880?utm_campaign=google_jobs_apply&utm_source=google_jobs_apply&utm_medium=organic', 'is_direct': False}, {'publisher': 'Recruit.net', 'apply_link': 'https://www.recruit.net/job/web-hybrid-software-jobs/0E9DF6A93D8A9B0F?utm_campaign=google_jobs_apply&utm_source=google_jobs_apply&utm_medium=organic', 'is_direct': False}]	"Web/Hybrid Software Intern (Remote)

Position: Web/Hybrid Software Developer (Intern)

Location: Remote

Internship Certificate: Provided upon successful completion

Stipend: Up to ₹3,000 (based on performance)

Who Can Apply?

✅ Freshers or students pursuing M.Tech / B.E / B.Tech / MCA / B.Sc (IT) / BCA

✅ Enthusiastic about web and hybrid app development

✅ Looking for hands-on industry experience with real-world stock market data

What You Will Do?

Back-end Development – Work with Python, Pandas, NumPy, Node.js, PostgreSQL/SQL

Front-end Development – Build responsive UIs using React,JavaScript, HTML, CSS, Bootstrap

Data Processing – Manage, analyze, and visualize stock market data

Cloud Deployment – Work with cloud-based environments for hosting & scaling apps

AI & ML Projects – Assist in developing AI-driven financial applications

How to Apply?

Share your GitHub portfolio with your application. If you don’t have one, create a simple project showcasing your skills. A sample task (optional) is:

""Create a webpage listing companies on the left side, with charts appearing when a company is selected. You can use stock market data from the sample dataset provided.""

Perks & Benefits

✅ Certification & Letter of Achievement

✅ Real-world hands-on experience in finance & AI-driven development

✅ Flexible remote work opportunity

If you're passionate about tech and eager to build real-world applications, apply now!"	False	14 hours ago	1746054000	2025-05-01 13:52:14.421045+00:00	Odisha		Odisha	IN	20.2375561	84.2700179	https://www.google.com/search?q=jobs&gl=in&hl=en&udm=8#vhid=vt%3D20/docid%3DtxgbDtDUeYHj031QAAAAAA%3D%3D&vssid=jobs-detail-viewer	{}	15113400	3	jsearch	Unknown date
